<?xml version="1.0" encoding="UTF-8"?>
<!DOCTYPE suite SYSTEM "http://testng.org/testng-1.0.dtd">
<suite thread-count="1" name="Suite" parallel="false"
	preserve-order="true">
	<test name="Test1">
		<classes>
			<class name="actions.LandingPageTest" />
		</classes>
	</test>

	<test name="Test2">
		<classes>
			<class name="actions.RegistrationPageTest" />
		</classes>
	</test>

	<test name="Test3">
		<classes>
			<class name="actions.UserLoginTest" />
		</classes>
	</test>

	<test name="Test4">
		<classes>
			<class name="actions.ForgotPasswordTest" />
		</classes>
	</test>

	<test name="Test5">
		<classes>
			<class name="actions.HomePageTest" />
		</classes>
	</test>

	<test name="Test6">
		<classes>
			<class name="actions.CardTest" />
		</classes>
	</test>

	<test name="Test7">
		<classes>
			<class name="actions.NoticationTest" />
		</classes>
	</test>

	<test name="Test8">
		<classes>
			<class name="actions.SettingPageTest" />
		</classes>
	</test>

	<test name="Test9">
		<classes>
			<class name="actions.CustomValidityRequiredCheck" />
		</classes>
	</test>

	<test name="Test10">
		<classes>
			<class name="actions.TransactionTest" />
		</classes>
	</test>

	
</suite>
